,User Id,Comment Id,Comment Text,Publish Date
0,4382790947,17857495791052843,The goat!,"12/25/2023, 5:55:26 PM"
1,51746321373,17860182567067690,â¤ï¸â¤ï¸â¤ï¸â¤ï¸,"12/25/2023, 6:36:52 PM"
2,28408400,18378184846077171,Never heard of your husband. Hope he makes a good Mr. Simone biles,"12/25/2023, 11:51:47 PM"
3,300207646,17992827728271359,This fit is everything & she is beautiful ğŸ¥°,"12/26/2023, 3:24:06 AM"
4,5614303926,17934860549695140,whoâ€™s that guy in the second photo?,"12/27/2023, 1:32:42 AM"
5,45727662,17876517986960110,"Keep it up, Queen! Don't listen to those haters!  You and your husband have a beautiful love!! â¤ï¸","12/27/2023, 6:25:44 PM"
6,1483104768,18024882718893865,Give themğŸ”¥,"12/28/2023, 9:09:15 PM"
7,48124414864,18170763427294252,Love your boots,"12/24/2023, 2:35:46 PM"
8,3266661526,18325173091128988,"@kourt_lynn_93 not the swifties comin for u, but i agree","12/24/2023, 4:00:52 PM"
9,208219312,18012931376035871,Not from @athleta but that is soğŸ”¥....,"12/24/2023, 4:51:46 PM"
10,23189374,18009827935973644,Love the pic with your fans! â¤ï¸,"12/24/2023, 6:31:04 PM"
11,1553698148,17850557718089293,"This Woman has been through so much!!!! Iâ€™m so happy for her. Sheâ€™s like one of my favorite athletes now!! 
We love you so much Simone!!","12/24/2023, 8:24:59 PM"
12,37880808,17878727913005070,You look good in Lions colors!,"12/24/2023, 9:48:44 PM"
13,9648313675,18016232704996374,Mmmmm,"12/24/2023, 9:58:29 PM"
14,3557027254,18330694819102052,You look perfect Simone! I love u!!ğŸ’™ğŸ’™ğŸ˜,"12/25/2023, 12:15:43 AM"
15,5848060887,17888876633901450,ğŸ‘ğŸ‘,"12/25/2023, 12:36:51 AM"
16,2750658813,18325549186106537,@kourt_lynn_93 you got these yt girls in a tizzy ğŸ˜‚,"12/25/2023, 2:24:24 AM"
17,5935183664,17935364984791450,ğŸ”¥ğŸ”¥ğŸ”¥,"12/25/2023, 6:56:35 AM"
18,44916402042,18109391935354799,ğŸ”¥ğŸ”¥ğŸ”¥ğŸ”¥,"12/25/2023, 8:13:02 AM"
19,44916402042,18033009490670504,@kaylasimonehome yep taking notes. I have similar boots. I love the color and her look ğŸ˜,"12/25/2023, 8:15:01 AM"
20,227441605,18315033340118833,Mrs and Mr Biles â¤ï¸,"12/25/2023, 12:59:30 PM"
21,656198578,18010286555281757,Omggg cuteeeâ¤ï¸,"12/23/2023, 6:59:40 AM"
22,2940568647,18108604018358465,love the tall boots â„ï¸ğŸ’™â„ï¸ğŸ’™â„ï¸,"12/23/2023, 8:17:20 AM"
23,1531570116,18030102919781415,you look so goodğŸ˜ğŸ˜,"12/23/2023, 9:00:45 AM"
24,51691944508,18003987221068558,@elaina_maria__ yep yes!! Sheâ€™s enjoying it and sometimes I forget too!! Sheâ€™s happy!!,"12/23/2023, 12:26:28 PM"
25,52112741103,18317123479186370,MERRY Christmas  kids!!! Love y'all.,"12/23/2023, 1:56:13 PM"
26,52112741103,17870685498022730,M,"12/23/2023, 1:56:15 PM"
27,228042233,18034051807668071,@kourt_lynn_93 not a competition ğŸ¤·ğŸ»â€â™€ï¸,"12/23/2023, 2:42:31 PM"
28,8003936814,18012114895918772,ğŸ’™,"12/23/2023, 2:45:12 PM"
29,330603401,18014535869307870,Hey bootsğŸ’™ğŸ”¥ğŸ’™ğŸ”¥,"12/23/2023, 3:27:20 PM"
30,535850453,17991577286445949,â¤ï¸,"12/23/2023, 3:35:05 PM"
31,226012224,18045626980561765,The Queen herself,"12/23/2023, 5:46:47 PM"
32,174556118,18014948078015620,so pretty !!,"12/23/2023, 6:10:34 PM"
33,919861024,18022060099920032,"My brother was asking my daughter if she knows a better performer than Beyonce and she came running to me and said Mom, what's the lady's name you showed me that does gymnastics? She's 5. She loves you.","12/23/2023, 6:31:53 PM"
34,39372828076,18064167781467592,Beautiful and classy woman,"12/23/2023, 7:39:56 PM"
35,1753840703,17955237794709896,Nice,"12/23/2023, 9:57:07 PM"
36,32283141331,18017925679955388,ğŸ˜ğŸ˜ğŸ˜ğŸ˜,"12/24/2023, 4:30:44 AM"
37,14283279781,17995364690213597,ğŸ˜ğŸ˜ğŸ˜,"12/22/2023, 12:17:03 PM"
38,3223941545,18021953743912312,The bagâ¤ï¸â¤ï¸â¤ï¸â¤ï¸,"12/22/2023, 12:33:25 PM"
39,3128360798,18023606998883314,Cute!,"12/22/2023, 1:15:07 PM"
40,8584251346,18100817281374812,"Wow!!! Blue is your color, beautiful!ğŸ‘ğŸ‘ğŸ‘","12/22/2023, 2:04:48 PM"
41,1159479431,18002620379095007,You guys are a beautiful couple â¤ï¸,"12/22/2023, 2:13:09 PM"
42,905781058,17982695819556799,ğŸ”¥,"12/22/2023, 2:46:15 PM"
43,629209327,18015681221007041,Your outfit and love the boots !!,"12/22/2023, 3:13:44 PM"
44,3666262049,18035206699724082,@kourt_lynn_93 eww. And Travis doesnâ€™t blast taylor in the interviewsâ€¦,"12/22/2023, 3:34:12 PM"
45,15508554032,18050579257537545,Love your boots!!,"12/22/2023, 3:38:23 PM"
46,38289152758,17950351358726601,ğŸ”¥ğŸ”¥ğŸ”¥ğŸ”¥ğŸ”¥ğŸ”¥ğŸ”¥,"12/22/2023, 3:58:12 PM"
47,215401321,18406679500006152,A queen in our midst,"12/22/2023, 4:33:00 PM"
48,5891112605,17904045416906691,@simonebiles you are gorgeous!,"12/22/2023, 4:34:27 PM"
49,1789126818,18018235216982371,â¤ï¸â¤ï¸â¤ï¸,"12/22/2023, 5:28:36 PM"
50,908215608,17893226459880215,ğŸ”¥ğŸ”¥,"12/22/2023, 5:57:26 PM"
51,2711761416,17915372240846943,I love the Chanel bag,"12/22/2023, 6:57:27 PM"
52,7044508096,18082788355413904,ğŸ‘‘ Green Bay Royalty ğŸ’šğŸ’›,"12/22/2023, 7:33:25 PM"
53,1628621054,18074503138436427,Great boots!,"12/22/2023, 7:46:39 PM"
54,259618828,18062994364479723,I like your fashion line!,"12/22/2023, 9:20:06 PM"
55,2238743884,17892920774878422,There is not another stadium in the NFL that can hold a candle to Lambeau Field nor their Hall of Fame. I have been to Canton AND Lambeau and THERE IS Lambeau wins hands down!!,"12/22/2023, 9:20:26 PM"
56,35106399,17994923354204433,Letâ€™s have lunch Sunday in Charlotte?!,"12/22/2023, 10:03:18 PM"
57,2034324444,18052042759480526,Looking good in Denim Simone ğŸ˜,"12/22/2023, 11:05:09 PM"
58,47961734712,18015556865006590,Pretty,"12/22/2023, 11:30:14 PM"
59,567494691,18003286394205239,@ when I saw this on TV I was very confused on why she was at the gameâ€¦ and I forgot she got married to himğŸ¤£,"12/23/2023, 12:03:42 AM"
60,3017663620,18047670088557228,The baby blue is beautiful on you @simonebiles !â¤ï¸,"12/21/2023, 6:44:04 PM"
61,4350884543,17907217919875054,Gorgeous ğŸ˜ ğŸ˜ ğŸ˜,"12/21/2023, 9:11:35 PM"
62,13569645933,18401469661038483,Gorgeous Goddess,"12/21/2023, 9:16:08 PM"
63,5596878525,17861899521063914,ğŸ˜ğŸ˜ğŸ˜ğŸ˜ğŸ˜ğŸ˜,"12/21/2023, 9:21:42 PM"
64,5897409749,17913893738850268,"Simone you are a queen, your husband looked insecure, jealous and immature. He talked about your relationship like you were a desperate nobody! You deserve better!","12/21/2023, 10:11:21 PM"
65,1223740259,18003992846336820,You are the prize don't listen to what your husband said! You could get anyone you wanted!,"12/21/2023, 10:32:58 PM"
66,12372737090,17861901207063768,Your boots are amazing!,"12/21/2023, 11:08:14 PM"
67,1939206467,17904016766911949,â¤ï¸ğŸ”¥â¤ï¸ğŸ”¥â¤ï¸..Remember haters going to Hate!,"12/22/2023, 12:01:27 AM"
68,10675588392,17893501253948847,Just Beautiful â¤ï¸â¤ï¸,"12/22/2023, 12:27:55 AM"
69,859872789,17984407397376055,cutest bigg hug kisses ly god bless ğŸ’™,"12/22/2023, 3:46:22 AM"
70,429823399,17869094154026007,Beautiful lady,"12/22/2023, 8:55:44 AM"
71,2424237534,17908070390893146,ğŸ”¥,"12/21/2023, 11:14:29 AM"
72,8166747443,18033014041668768,Beautiful â¤ï¸,"12/21/2023, 11:34:39 AM"
73,328461946,17985005843354815,ğŸ”¥ğŸ”¥ğŸ”¥,"12/21/2023, 12:43:52 PM"
74,29451956066,17984572361354829,"We need a game day outfit series, so gooooddd","12/21/2023, 1:03:11 PM"
75,6635311157,18053229253472034,Always ğŸ”¥ğŸ”¥ğŸ”¥ğŸ”¥ğŸ”¥ @simonebiles,"12/21/2023, 1:29:11 PM"
76,5467046255,18010350182290552,You look good in blue!,"12/21/2023, 2:19:42 PM"
77,7165727837,17999406497124627,Love the kicks ğŸ‘¢. True TexanğŸ¤ ,"12/21/2023, 2:51:15 PM"
78,292372213,18036232678643335,ğŸ«¶,"12/21/2023, 2:52:30 PM"
79,358519528,18412319896053040,"@kourt_lynn_93 you should reread your own words from your post from March 2020. â€œâ€¦be kind to yourself and other women. Support each other. Donâ€™t tear each other downâ€

Practice what you preach boo ğŸ«¶","12/21/2023, 3:02:20 PM"
80,47844934631,18406467982002898,ğŸ”¥ğŸ”¥ğŸ”¥,"12/21/2023, 3:31:19 PM"
81,41322955,17998916426345682,ğŸ”¥ğŸ”¥ğŸ”¥ğŸ”¥,"12/21/2023, 3:39:56 PM"
82,6063741863,18021647758765874,We love to see it. â¤ï¸,"12/21/2023, 3:44:50 PM"
83,55492133212,18025178257730485,The outfit though!!! ğŸ˜ğŸ”¥ğŸ©µ,"12/21/2023, 6:21:11 PM"
84,3231340974,18011367304945883,Queen. Icon. G. O. A. T.,"12/21/2023, 6:28:08 PM"
85,8314371569,17984677097555703,Love this â¤ï¸ğŸ”¥,"12/20/2023, 11:37:33 PM"
86,50372671056,17959803419581706,ğŸ”¥â¤ï¸ğŸ”¥â¤ï¸btful btful,"12/21/2023, 12:08:22 AM"
87,4467892776,17975879969489874,This is hot,"12/21/2023, 12:31:23 AM"
88,1453477566,18079045339389815,ğŸ”¥ğŸ”¥ğŸ”¥ğŸ”¥ğŸ”¥,"12/21/2023, 1:39:10 AM"
89,452750299,17991517505522932,ğŸ©µğŸ©µğŸ©µğŸ©µğŸ©µğŸ©µ,"12/21/2023, 1:47:05 AM"
90,37800021551,17973396506643963,@jowens I'm so proud of you BOTH! Mr.Owens you and Mrs. Owens are the epic meaning of true beautiful black love. Continue to keep God first an ignore these miserable ignorant people. I'm wishing you and Mrs. Owens and your family a Very Blessed Holidays!,"12/21/2023, 7:14:50 AM"
91,37800021551,18026637997692996,Omg what a beautiful couple Simone is Gorgeous â¤ï¸ğŸ˜ why anyone not covering this beautiful lady like they are doing taylor swift and Travis kelce?,"12/21/2023, 7:16:17 AM"
92,37800021551,18099957463370975,@melissa_turner_kyahese exactly I'm wondering why they not covering her and Mr. Ownes  because I'm sick of Taylor swift and Travis I'm over it lol,"12/21/2023, 7:17:36 AM"
93,37800021551,17925260027730456,She's dresses to the T you hear me just love itâ¤ï¸,"12/21/2023, 7:18:05 AM"
94,10875390091,17895991943864055,Cute,"12/21/2023, 7:40:54 AM"
95,48398893234,17986728209578305,Beautiful!!,"12/21/2023, 7:42:52 AM"
96,32902753106,17948456609732143,Girl... just cu...te!! â¤ï¸,"12/21/2023, 7:49:00 AM"
97,353447001,18169788325290116,Omg!!! The princess Leia Buns of the third picture are killing me!!ğŸ˜ğŸ˜ğŸ˜ Absolutely beautiful Simone!!!!,"12/21/2023, 8:47:41 AM"
98,353447001,18012775112027496,@pressed.bysarita KILLED IT!!!! ğŸ˜,"12/21/2023, 8:48:19 AM"
99,10274545404,18064154278478636,Beautiful!ğŸ’•,"12/21/2023, 9:09:14 AM"
100,11140999598,17994724739390371,What happened?,"12/29/2023, 8:18:35 AM"
101,2951818639,18415153645035209,@aliciawardell He was on some podcast saying he didnâ€™t know who she was when he met her and said heâ€™s â€œthe catch.â€ ğŸ¤£,"12/29/2023, 10:59:58 AM"
102,34441303,18012267115923813,@_meka_mek period!,"12/29/2023, 9:26:31 PM"
103,48415725836,18030231007744319,The Queen ğŸ‘¸ğŸ¾ and some dude.,"12/30/2023, 4:09:35 PM"
104,41650781270,17936314985684281,ğŸ˜ğŸ˜,"12/28/2023, 7:31:29 PM"
105,8017301810,18037285741643332,LOVE THIS PICğŸ˜‚ğŸ”¥ğŸ˜,"12/28/2023, 9:21:04 PM"
106,831420673,17973835541645738,Simone looks so beautiful... oh her husband is there too,"12/29/2023, 12:00:19 AM"
107,8501598,17867365491047134,Ahâ€¦.so thatâ€™s Mr Biles,"12/26/2023, 9:44:28 PM"
108,1959069083,18112393432345266,Red flag on that one,"12/27/2023, 12:32:45 AM"
109,316896681,18005962409040739,They looking doper in this one picture than 99% of the people hating have ever looked in life. ğŸ˜‚,"12/27/2023, 10:56:37 AM"
110,1654208823,18008064209490697,Simone and who,"12/27/2023, 5:00:17 PM"
111,5837753332,18022933291758054,"If I saw these two out in public, Iâ€™d honest-to-God say, â€œoh my god, thatâ€™s Simone Bilesâ€ I would think the guy was like her assistant or something","12/27/2023, 6:15:26 PM"
112,264853518,17953949978707171,Don't let these people break u guys up,"12/26/2023, 10:26:08 AM"
113,18457203,17979383396468619,Simone you made historyâ€¦ heâ€™s an average NFL player. You are the catch here,"12/26/2023, 10:30:06 AM"
114,28899736,18237404971223145,It's Mrs. And Mr. Simone Biles! ğŸ˜,"12/26/2023, 10:40:35 AM"
115,17086811205,18035780218726236,"@phresh_princesse I think what you said is what folks having a problem with. He was his own personal hype man in that interview and not once uplifted his wife. It was all about him. He was giving he the catch and she lucky to have him vibe. I do hope she was ""listening""  and not just with her heart.","12/26/2023, 10:53:20 AM"
116,349326985,18035982520655059,"Oh look, Simone Biles and Mr. Simone Biles!!","12/26/2023, 11:45:55 AM"
117,6052517182,18009956474497319,"@detriniboss During the onterview, he talks about how she identified some things in his game that needed improvement and suggested he see a sports psychologist. He also talks about how much of an inspiration she is and how her mentality has helped him a lot. Praise means to show admiration. You don't have to be a fan to admire your spouse. ğŸ™„","12/26/2023, 12:17:14 PM"
118,6052517182,17988184181331119,@lvjonjon215 ratio?,"12/26/2023, 12:18:05 PM"
119,6052517182,18088652701393513,"@ohthatchristel Did you even watch the other 58 minutes of the podcast or just ran with the 2-minute promo clip? Please go watch the entire interview and you see that those comments were made as light-hearted banter between ""the guys"" as the hosts were teasing him about Simone. Even the podcast host has released a video explaining how those comments were taken out of context. You're acting like this man is at home eating cereal and playing video games all day while living off Simone. You do realize he has a 7 million net worth??? What I'm most impressed about is his journey into the NFL. He was never a stand-out player in high school or college and didn't get drafted. He worked his behind off cleaning lockers for the KC Chiefs football team just to earn money to pay for his dorm room during summers. He was also cut from teams several times, but kept working hard to earn his spot. A lot of young men can learn a lot about perseverance and resiliency from this man. He shares his life story with such humility, self-reflection, and gratefulness. Ya'll done created a whole life story about this man when in actuality, his character is spotlighted throughout that entire interview. Simone knows and respects, and can relate to that man's journey which is why she married him. Ya'll need to stop running with headlines and snippets and really read/watch things in their entirety because most of the time, these snippets are edited out to deceive and draw in viewers.","12/26/2023, 12:50:56 PM"
120,344776747,18008187581179649,@tinabraids aye I had to troll just a lil bit ğŸ˜­,"12/26/2023, 6:06:25 PM"
121,4261253,17958389195699850,Look! Itâ€™s the LEGENDARY Simone Biles (and her husband),"12/26/2023, 8:21:38 PM"
122,11473663,18031874617740570,Babe u deserve more than this loser!!!!! â¤ï¸â¤ï¸,"12/26/2023, 8:28:21 PM"
123,865315692,18112302571353877,@drewdelv also read these LOLLLL,"12/25/2023, 4:51:47 PM"
124,5775754167,18028409998830849,@bvby____ its all over tiktok.,"12/25/2023, 5:34:25 PM"
125,189182570,18068403334459551,Whose Jonathan Owen ?,"12/25/2023, 5:34:32 PM"
126,14705586,17998607582458698,Heâ€™s trash â€¦ simple,"12/25/2023, 5:50:40 PM"
127,175223423,18112384141356023,"I donâ€™t think everyone is bitter, it was just in poor taste for him to say that. And the internet has spoken. ğŸ¤·ğŸ»â€â™€ï¸","12/25/2023, 5:55:28 PM"
128,29157572193,18025540228863265,tell him we still dk his name,"12/25/2023, 6:07:26 PM"
129,52914836,17991776111291341,"People so worried and nosey as hell, always up in these celebrities lives. Commenting like she even gives af what you think on HER marriage. Lmao get over yourselves.","12/25/2023, 8:19:46 PM"
130,472250881,18009627164138345,@nickdemars Your comment is cringe.,"12/25/2023, 9:31:39 PM"
131,472250881,17944138817758430,@ tracietrucker FOH with y'all fake disrespect and ğŸŒ½ ball comments.,"12/25/2023, 9:32:37 PM"
132,11227842272,18017718538974203,He ainâ€™t shit loveğŸ’•,"12/26/2023, 1:58:42 AM"
133,468145423,18009027371505640,Praise for what??? They married. He's not her fan!,"12/26/2023, 2:15:04 AM"
134,178416834,17914700786849319,"He might be dreamy, but Simone donâ€™t forget you are the sun! ğŸŒ","12/26/2023, 2:49:20 AM"
135,308063524,18006231644189776,ğŸ†ğŸ†ğŸ†,"12/26/2023, 4:07:06 AM"
136,6301368528,17856015201079094,@isha_jharv delusional that is what he said nothing wrong,"12/26/2023, 5:51:14 AM"
137,189974279,18033715783666557,@queen_miaa99 PLEASE,"12/26/2023, 6:22:42 AM"
138,1643401285,17994707417231674,Omg itâ€™s Simone biles husband,"12/25/2023, 2:01:47 PM"
139,2246663583,18005961191238371,"@dee_144k You know no other way but to leymt bw, ww, hw, aw down. You FAIL COLLECTIVELY and NON COLLECTIVELY","12/25/2023, 2:43:47 PM"
140,2246663583,17937255497781701,"@dee_144k I pray you have a passport. You are a GERM. If you need funds to get one, I will help you.","12/25/2023, 2:45:09 PM"
141,2246663583,17894727023944839,@fightforyou25 He was still unheard on as many football players are. Is he a quarterback or a running back? NOPE... Everyone else is just an unknown football player. FOH,"12/25/2023, 2:47:23 PM"
142,535218275,17938959587772221,@sheryl.speaks they obviously care what the public think thatâ€™s why they put up this post ğŸ˜‚,"12/25/2023, 2:53:39 PM"
143,1308542809,18404970415007569,"Somone, do you actually realise that you are THEE Somone Biles?! That man should praise his ancestors every day for having the privilege of being called your husband.","12/25/2023, 2:58:27 PM"
144,15345497,17999736074143941,Hi Barbie! Heâ€™s literally just Ken.,"12/25/2023, 3:13:30 PM"
145,14579891,18006944045485235,Hi Simone and Mr Simone cause I donâ€™t know your name and donâ€™t care to know it.,"12/25/2023, 3:33:31 PM"
146,4101092976,18031754560689122,Plz put this boy in his place come on sis ğŸ˜‚ğŸ˜­,"12/25/2023, 3:36:11 PM"
147,174663467,17923257884819955,"I hope he misspoke and never intended to embarrass you. Iâ€™m sure he loves you. But if he does, and youâ€™re confident in that, stop with all the post trying to prove it to us.","12/25/2023, 3:37:35 PM"
148,1009966084,18008829164284055,"I recognize the Olympic medal winning gymnast in this photo,who's the guy?  Waiter?ğŸ˜‚","12/25/2023, 3:56:18 PM"
149,1760242363,18075916459438966,And thatâ€™s on Jonathan Owenâ€™s WIFE ğŸ˜ğŸ˜ğŸ˜,"12/25/2023, 4:20:07 PM"
150,2931912188,18250218037227279,This ratio is crazy ğŸ˜‚,"12/25/2023, 4:44:12 PM"
151,6052517182,18014549255072148,"If you really want to see this man's chracter, watch the entire interview. You'll see someone who is humble, resilient, smart, and reflective. He also praises Simone. Those comments were really light-hearted banter between ""the guys"" and were taken out of context. Unfortunately, the editors of that podcast took that snippet and used it for promo purposes. I hope that all this negative energy and hate toward her husband, for no good reason, doesn't bring back her mental health issues. Ya'll so busy trying to reduce him, not realizing you're hurting her.","12/25/2023, 6:42:33 AM"
152,19078470,18021384145932780,THAT PART! Was looking for this comment!,"12/25/2023, 8:09:52 AM"
153,47143929,17868722883042475,Anyone else wondering who is that guy with Simone? ğŸ˜† Simone hands-down the best Olympian North America has ever seen.,"12/25/2023, 8:29:54 AM"
154,176233193,18093819283383625,Donâ€™t ever diminish your light for him to shine ğŸ¤¦ğŸ¾â€â™€ï¸,"12/25/2023, 9:05:37 AM"
155,6328497243,17860689594043009,We still donâ€™t know his name.,"12/25/2023, 10:03:53 AM"
156,518706926,18400627519045241,"Who is he? Iâ€™ve been following you since before you were engaged, and still donâ€™t know this mans name","12/25/2023, 10:07:57 AM"
157,44296964850,17846880480122854,You betta,"12/25/2023, 12:11:20 PM"
158,470046202,18013654880079848,I wish he would've just said how much he loves her and he is happy with her. But Simone is the champ here and the catch!!! I â¤ï¸ her! She is so sweet and so humbling. Dude kind of cocky! Just love your wife mane!,"12/25/2023, 12:24:08 PM"
159,271787024,18026266387862003,@run_linds amen ğŸ‘,"12/25/2023, 12:42:19 AM"
160,261523208,17991582539449403,Canâ€™t make everyone happy! Mr & Mrs Owens are made for each other! Many Blessings!,"12/25/2023, 12:51:38 AM"
161,46400587324,18042900475590289,Their kids would be so pretty,"12/25/2023, 1:42:58 AM"
162,46400587324,18016491463988574,@1toughcookie2021 yesssss,"12/25/2023, 1:43:07 AM"
163,32780774553,17985465881604898,â¤ï¸,"12/25/2023, 1:47:47 AM"
164,2750658813,18032327071703772,@melmeltalks and she did,"12/25/2023, 2:22:34 AM"
165,4946266881,17878360215005432,I donâ€™t trust him at all,"12/25/2023, 2:26:04 AM"
166,4946266881,18016016563990445,Who is he? We knew you not him,"12/25/2023, 2:28:18 AM"
167,386440078,17953789124711895,"@cartwrightjr.kerry Definitely rocking with her regardless. 

Just praying it was immaturity and not narcissismâ€¦takes a long time to recover from that.

Hope itâ€™s a happy, healthy marriage and just was a horrible interview. Hope he looks back at the interview and can acknowledge some valid points you made. If we have to make ourselves smaller for our partners to feel adequate, itâ€™s a sign work has to be done for both parties. If we canâ€™t praise our partners and take moments to dim their light even if unintentionally, itâ€™s a problem. Iâ€™m no Simone, but itâ€™s a hard lesson many people learn even myself. It often doesnâ€™t end well if itâ€™s not worked on by both parties.","12/25/2023, 2:33:12 AM"
168,178394275,18004091312255518,â¤ï¸â¤ï¸â¤ï¸â¤ï¸â¤ï¸,"12/25/2023, 3:06:29 AM"
169,1413419551,18036625258638383,@c.chelle.xox and she chased him because he's the catch now look happily married ğŸ˜‚,"12/25/2023, 5:18:49 AM"
170,49665543,17962529486689362,@queen_miaa99 donâ€™t make that her problem.,"12/24/2023, 10:16:39 PM"
171,9006029427,17895175100942498,Hahaha most foootball fans donâ€™t even know who he is jonathan owens whoooooooi,"12/24/2023, 10:21:38 PM"
172,34371161481,18130488679316080,What happened ???,"12/24/2023, 10:34:30 PM"
173,7900570,17887938455969029,LMAOOOOOO,"12/24/2023, 10:43:09 PM"
174,271607131,18218320831265405,Mr. Simone Biles husband,"12/24/2023, 10:53:41 PM"
175,388749417,18016545514973755,"I noticed that his first picture on his page is a picture of him, but you first picture on your page is a picture of you both.","12/24/2023, 11:19:25 PM"
176,13291828212,18092761135381273,"i donâ€™t know if some of you looked at entire episode if not I suggest you do because I said same thing yâ€™all are  saying he did uplift her he said how she helped  him mentally, how when they went out how all the little girls where in awe how when people ask for her picture of her he takes the pictures  it was a lot more then just that clip he even stood up for her when a parent complained about her not taking a picture itâ€™s like we want to past judgment on how a relationship should be and thatâ€™s not right no oneâ€™s relationship is perfect and what you may accept someone else may not","12/24/2023, 11:37:33 PM"
177,49679383,18277049524088637,Luv it,"12/24/2023, 11:45:33 PM"
178,3557027254,18013300415099711,Awwww this is so cute ğŸ˜ğŸ˜ğŸ˜,"12/25/2023, 12:15:18 AM"
179,334403089,18013071338078442,ğŸ’ªğŸ’ªğŸ’ªğŸ’ª,"12/25/2023, 12:17:31 AM"
180,11893769589,17992512506276486,"clearly, getting a ring ğŸ’ from a male wonâ€™t keep you from being disrespected publiclyâ€¦.Not a flexğŸ˜¶","12/25/2023, 12:18:19 AM"
181,321994957,18318839629118040,"I wish he said something like ""I had never heard of her before BUT now I am a fan. We lift each other up. I love her altheticisism so we work out together""....something ducking realistic instead of just putting her down!","12/25/2023, 12:23:26 AM"
182,38947843,17905601765902384,https://www.youtube.com/live/8O9d16OBAyw?si=qfZ-buw9gUfasU82,"12/25/2023, 12:34:13 AM"
183,271787024,17982540809395494,"@jujub.jones_ and women desperate to prop them up, see Whitney and Bobby, Keke and that guy â€¦ desperate to be loved leading to poor choices in men","12/25/2023, 12:41:29 AM"
184,217988370,18244531636241766,And I still canâ€™t comprehend why he would do this. Like whatâ€™s the purpose bro,"12/24/2023, 7:29:24 PM"
185,4119735561,18036770488635022,@whitstagramm watch the full interview on @thepivot. His response seems harmless to be honest.,"12/24/2023, 7:41:59 PM"
186,5485788065,17986367894607190,Simon bileâ€™s husbands wife,"12/24/2023, 7:42:49 PM"
187,358446897,17875851980986826,â¤ï¸â¤ï¸â¤ï¸ğŸŒ¹,"12/24/2023, 7:45:19 PM"
188,1495516064,18020459953796209,Weâ€™re not done yet bcz why are you w someone toxic lol,"12/24/2023, 7:57:14 PM"
189,1413865093,17965264646674547,"@phresh_princesse well, where's your man?","12/24/2023, 7:58:38 PM"
190,1413865093,17975529719499521,@queen_miaa99 where's your husband expert?,"12/24/2023, 7:59:46 PM"
191,204067943,17998326683160543,"After what he said, he truly DOES NOT deserve her!","12/24/2023, 8:28:07 PM"
192,31498616,17962536893678097,"@jowens I mean if she was your best friend, you would have said one thing to uplift her.","12/24/2023, 8:31:07 PM"
193,890247655,18022414711765561,"i want u break up wit him ill treat u better, that nigga tweaking","12/24/2023, 9:12:15 PM"
194,1772987302,18015139148047252,"@miz_crizzy getting himself together for me as i am for him when itâ€™s time for us to meet. but frankly, all that info is irrelevant to my point- i said what i said. any woman would prefer for their man to gush over them when given the opportunity, rather stroking their own ego. well, maybe you would be ok with the latter but thatâ€™s your cup of tea, itâ€™s not mine.","12/24/2023, 9:13:02 PM"
195,3967879077,18410070220054363,SIMP marry tooâ€¦just saying,"12/24/2023, 9:14:54 PM"
196,3967879077,17998201910517746,"SIMONE ENJOY YOUR MARRIAGE AND HUSBAND!!! Let all this full of negativity and bitterness woman #femenist talk. Â«Â Feminism is trashÂ Â» You found a good one and  as long as both of you are working together, I pray that your and your family are blessed and safe forever!!!","12/24/2023, 9:19:08 PM"
197,9392433193,18032523199683684,simone biles is americaâ€¦ idk who this man is tho,"12/24/2023, 9:26:09 PM"
198,9340559,18402757210008076,"You deserve better bestie. You are the GOAT, he is just some dude","12/24/2023, 5:47:10 PM"
199,1511777057,17876664315005750,Who is that youâ€™re with,"12/24/2023, 6:29:43 PM"
200,216097429,18016342756869176,Thank you for an incredible 2023! Sending lots of love to the Owens for 2024.,"12/31/2023, 11:04:35 PM"
201,18672182,18043029052533557,You guys make me so happy! May god bless and cover you! Happy New Year!,"1/1/2024, 3:00:06 AM"
202,187488694,17906778947899419,Love it,"1/1/2024, 3:28:18 AM"
203,3216866028,18241473163244986,Bless couple,"1/1/2024, 6:19:33 PM"
204,1909880622,18001298642123447,I love you guys!! â™¥ï¸ Stay blessed and may God continue to protect your marriage!!,"1/1/2024, 7:07:17 PM"
205,4378994138,17889692087904273,Merry Christmas and Happy New Year to two incredible athletes and a  beautiful couple! â¤ï¸â¤ï¸,"1/1/2024, 7:12:11 PM"
206,347490232,18320011798142960,@rebekahjaee same sentiment  and im not even ashamed of it.,"1/1/2024, 7:39:45 PM"
207,892508747,17997976637185931,Merry Christmas to Simone!!! and Simoneâ€™s husband I guess,"12/31/2023, 2:05:25 AM"
208,13391193084,18331255315100688,"Aww, your first Christmas as a married couple! ğŸ¥¹ â˜…I have a scarf { with that EXACT SAME pattern & colors } that I wore all last week!  Great minds ...â˜…ğŸ˜","12/31/2023, 4:58:08 AM"
209,6927312595,18112535557353831,"Merry Christmas and Happy New Year to the two of you, Simone Biles (The Best American Gymnast) and husband Jonathan James Owens (American awesome football player for the Green Bay Packers) of the National Football League!ğŸ˜€","12/31/2023, 12:01:44 PM"
210,508766001,17962450715569919,nah this ainâ€™t it.,"12/31/2023, 1:38:09 PM"
211,26805234495,17994898388247444,run girly,"12/31/2023, 4:10:41 PM"
212,460223672,18248636386212540,Merry Christmas to Mrs. Simone Biles And Mr. Simone Bilesâ€™ husband,"12/31/2023, 6:09:28 PM"
213,2075458045,17972513096649254,Blessings and happiness!!,"12/31/2023, 7:41:22 PM"
214,1821326553,18408431353046358,â¤ï¸,"12/30/2023, 6:20:39 AM"
215,2134531198,18277993567092875,I love you guys!!,"12/30/2023, 10:51:32 AM"
216,6071406,17910373271871643,Happy new year to you both!,"12/30/2023, 12:30:24 PM"
217,23828626250,18050979229534527,@mz_neesh probably in your brain,"12/30/2023, 4:14:38 PM"
218,45670290449,18064717141476826,"â€œCleave to one another.â€ ğŸ™ğŸ¾ Keep your marriage off of social media. Donâ€™t allow these negative busy bodies to be in your ears. Social media is a cesspool of miserables, sadly. Pray together. Stay together. Youâ€™re such a young, beautiful, and successful young couple. My best to you both, always. â¤ï¸â¤ï¸","12/30/2023, 6:27:02 PM"
219,45670290449,17991284924305842,@jowens â¤ï¸â¤ï¸ğŸ™ğŸ¾ğŸ™ğŸ¾,"12/30/2023, 6:27:20 PM"
220,14501229286,18218042755259111,"Awww, it's Mr and Mrs Biles! ğŸ˜‚","12/30/2023, 8:53:45 PM"
221,6941491878,18045786337566153,Belated Merry Christmas gorgeous couple! May yâ€™all have many more â€¦â¤ï¸â¤ï¸â¤ï¸â¤ï¸ğŸ˜ğŸ˜ğŸ˜ğŸ˜,"12/30/2023, 10:16:32 PM"
222,227555948,18250374325224105,You all look Beautiful Together â¤ï¸,"12/30/2023, 11:50:08 PM"
223,369811358,17962409450565561,@theshandelier #FACTS,"12/29/2023, 2:15:25 PM"
224,7406098373,17893857020949016,Merry Christmas to THE GREATEST ATHLETE in the world & her husband whatâ€™s his name!,"12/29/2023, 4:49:27 PM"
225,2289596833,18045495190525274,@horace2884 ğŸ¤¦ğŸ¼â€â™€ï¸,"12/29/2023, 7:16:41 PM"
226,40347877,18018805444984814,Wow it's some bitter people on here or maybe they're perfect so they can judge other people relationships because.....well they're perfect ğŸ˜,"12/29/2023, 8:08:49 PM"
227,204270790,18012596311914885,Happy Holidays Simone and hubby â¤ï¸ğŸ’™,"12/29/2023, 8:34:27 PM"
228,430000388,17994205049403910,No need to be upset. He just needed the spotlight for a minute. Since sheâ€™ll be gone next year to bring home another medal.,"12/29/2023, 9:08:47 PM"
229,3726494067,17915552360850163,Merry Christmas,"12/29/2023, 10:51:47 PM"
230,36243045829,17960074583589282,@kadetroit67 exactly!! Jokes!,"12/29/2023, 11:12:39 PM"
231,3491406438,18020239834821589,Wait...who's this guy? Hahahahaaa ğŸ§¡,"12/29/2023, 11:32:54 PM"
232,3989186556,18117548632338428,Merry belated Christmas if there is such a thing!,"12/29/2023, 11:59:10 PM"
233,8436397032,18001384985111335,@fratetrain2k iâ€™m confused too,"12/30/2023, 5:25:49 AM"
234,491502245,18094009441378333,CP,"12/29/2023, 1:09:40 AM"
235,3568310956,18022790545754637,Merry Christmas Simone Bilesâ¤ï¸,"12/29/2023, 1:35:19 AM"
236,4340827611,18110214175346435,gelous husband!,"12/29/2023, 4:37:03 AM"
237,5896946759,17869832670041561,"You better appreciate your ""catch"", Simone's worse half!","12/29/2023, 4:47:50 AM"
238,483926556,18011634968314369,He loves you Simone and you are beautiful and have it all. Donâ€™t let miserable people affect your union. On behalf of the culture we are so proud of you!! Love ya! ğŸ˜ğŸ¤—,"12/29/2023, 5:27:51 AM"
239,7333423441,18032091904740925,You are an inspirational couple!,"12/29/2023, 8:54:49 AM"
240,4534796427,18210090766272578,Let the love flow,"12/29/2023, 9:38:13 AM"
241,4658407902,18404526910020117,@divafranca he would be having to say the same if he was asked about you. ğŸ˜«,"12/29/2023, 10:41:04 AM"
242,383522390,18009500531165585,He probably says all of those things to his woman. Y'all don't need to hear it,"12/29/2023, 10:46:27 AM"
243,383522390,17929162001801031,@train_like_alrice or n shtty relationships,"12/29/2023, 10:47:29 AM"
244,383522390,18220205104265384,Damn I didn't know there were so many bitter. Females in this world,"12/29/2023, 10:50:56 AM"
245,4684145,17851145754087637,Who's that guy tho?,"12/29/2023, 10:51:46 AM"
246,10058692,18010221119174247,Dump him,"12/29/2023, 11:37:02 AM"
247,276616088,18403505608022729,The fact that she left the comments on means that she can laugh at the ridiculousness of the internet. Glad to see some. Non flannel PJs,"12/29/2023, 12:20:26 PM"
248,6052517182,17963398082563099,@seven19designs Crazy right? And you can tell the way she rolls her eyes and smiles that this isn't the first time they've discussed that.,"12/28/2023, 8:07:20 PM"
249,401552683,18008522063000908,Youâ€™re the catch,"12/28/2023, 8:34:56 PM"
250,295920943,18061233877488105,This is what our generation needs more representation of â¤ï¸. A young couple who values marriage. I love to see it! #blacklove,"12/28/2023, 9:49:01 PM"
251,177052845,18017389396841794,And then thereâ€™s ol single you. ğŸ¤£,"12/28/2023, 10:41:09 PM"
252,177052845,17915287679848560,@rebekahjaee and here you are online with a link begging for donations. ğŸ¤£,"12/28/2023, 10:42:18 PM"
253,145449129,17990258516528404,Y'all are mad disrespectful in these comments for no reason.  Let them remain happily married.,"12/28/2023, 10:43:43 PM"
254,7502314,18007990004273551,@miohmiy have you seen him playâ€¦. Hasnâ€™t done much.,"12/28/2023, 11:09:42 PM"
255,3566912937,18000140729144562,These comments are hilariousâ€¦ ğŸ˜‚ğŸ¤£ğŸ˜‚ğŸ¤£ğŸ¤£ğŸ˜,"12/28/2023, 11:18:43 PM"
256,3566912937,18037299055633369,These comments are hilariousâ€¦ ğŸ˜‚ğŸ¤£ğŸ˜‚ğŸ¤£ğŸ¤£ğŸ˜,"12/28/2023, 11:18:44 PM"
257,259618828,17965916429671436,Merry Christmas in terms of people being really left surprised.,"12/28/2023, 11:19:13 PM"
258,224354857,17871700851024139,@theshandelier because you don't watch football duh you don't know majority of them,"12/28/2023, 11:31:02 PM"
259,1047489744,18097975897349172,We just gonna call him Simoneâ€™s husband,"12/28/2023, 11:58:05 PM"
260,1047489744,18002017739351819,@msglee51 I actually donâ€™t ğŸ¤£,"12/28/2023, 11:58:42 PM"
261,34951981520,18043644382599570,@thesarahpearl ğŸ˜‚ğŸ˜‚ğŸ˜‚,"12/28/2023, 2:08:27 PM"
262,3527845687,18406245511012087,we should all make him a cute little plaque for winning the title Simone Biles husband!!!,"12/28/2023, 2:34:49 PM"
263,1287174255,17948201900727600,"Merry Christmas Simone Biles & Simone Bilesâ€™ Husband, whose name we still donâ€™t know ğŸ„","12/28/2023, 2:49:17 PM"
264,7987638004,18330088513099651,Simone biles don't listen to your crazy friends do not divorce your husband be happy because they not happy for you Don't get mad because he didn't know who you was You're happy now You're married your friends are haters,"12/28/2023, 3:01:31 PM"
265,368684076,18405039778008990,@j.carlos.ramos ğŸ˜‚ğŸ˜‚ğŸ˜‚,"12/28/2023, 3:05:06 PM"
266,3403413902,18051026971551195,Que lindos ....ğŸ‘,"12/28/2023, 3:30:43 PM"
267,1341675036,18038161375718911,Happy Holidays To  Simone. We here when you need us.â¤ï¸ğŸ–¤ğŸ’š PS ğŸ™ğŸ¿ğŸ™ğŸ¿ you don't have kids with him and have a prenupğŸ™ğŸ¿ğŸ™„â¤ï¸ğŸ–¤ğŸ’š,"12/28/2023, 4:22:05 PM"
268,2527247238,18051404998531881,mr and mrs biles,"12/28/2023, 4:25:23 PM"
269,419745672,18038798440626932,Merry Christmas to Mrs and Mr Simone Biles â¤ï¸,"12/28/2023, 4:37:40 PM"
270,44858091617,17965739738541091,,"12/28/2023, 4:41:31 PM"
271,8219328738,17907534884875369,@mrwevans the very idea of appealing to you makes me sick. Thank god.,"12/28/2023, 5:18:55 PM"
272,246285074,17964977294677934,ğŸ‘Ok nappy head,"12/28/2023, 5:19:48 PM"
273,8219328738,17962473710691137,@mrwevans Iâ€™m black how is that an insult? You and your momma are both nappy heads. Lol. I signed a modeling contract last week. Also why are you so hurt that I donâ€™t know Simone biles husband is? Lol.,"12/28/2023, 5:24:34 PM"
274,7881044934,18031874995688241,girl ya man acting a damn fool right now I love you but dont let him embarass you like this on national TV he got the nerve to be talkm bout how he the damn prize and how did you pull him like what,"12/28/2023, 5:50:07 PM"
275,7881044934,18006960725504181,Merry christmas to simone biles and simone biles husband ğŸ¤­,"12/28/2023, 5:51:15 PM"
276,1238752630,18036300547653509,Holiday  Greetings to Mr And Mrs Biles,"12/28/2023, 6:12:45 PM"
277,707523,18037017880640077,who dat dude she kissin?,"12/28/2023, 6:23:18 PM"
278,50120868899,17872241582983563,@c_adupoku these comment just too hilarious ğŸ¤£ğŸ¤£ğŸ¤£ğŸ¤£,"12/28/2023, 6:31:19 PM"
279,1470741924,17888076341963745,"Merry Christmas Simone, a true American treasure","12/28/2023, 6:34:43 PM"
280,36243045829,18026964742866617,@kadetroit67 I agree! I listened to the entire podcast and was thinking this CAN'T be what everyone is up in arms about! It was simply playful conversation between the men that she took no offense to! Ridiculous,"12/28/2023, 6:37:30 PM"
281,6183466649,18244647697241203,"All the hate really needs to stop tbh. Like I get that he made unfavorable comments to most, including me, but Simone B. is happy and so is Jonathan O. so all the hatred is baffling. You literally donâ€™t know what time will tell. I pray yâ€™all stay happy even in-spite of all the noise @jowens @simonebiles","12/28/2023, 6:41:12 PM"
282,53771799,18006628406193129,I don't know what has transpired for all this pettiness in the comments. The human race is truly disgusting.,"12/28/2023, 6:51:51 PM"
283,3875596675,17920187186831505,I love the matching pjs!,"12/28/2023, 10:34:06 AM"
284,8984524948,18044877763579867,@theshandelier heâ€™s a packer football player,"12/28/2023, 10:49:36 AM"
285,679581733,17902635830834613,Those cocktails look mad tasty. Whatâ€™s the recipe? ğŸ˜‹,"12/28/2023, 10:53:39 AM"
286,4205132678,18028100905864832,@gladysestrellita well said,"12/28/2023, 11:09:19 AM"
287,196002469,18039873367624046,Tell youâ€™re unbothered without telling me youâ€™re unbothered @simonebiles,"12/28/2023, 11:14:54 AM"
288,482328107,17918389478763153,@pechuquilaurata god isn't real. Hope this helps!,"12/28/2023, 11:20:53 AM"
289,210535455,17946102596641548,@rebekahjaee ğŸ¤£ğŸ¤£ğŸ¤£ğŸ¤£,"12/28/2023, 11:30:33 AM"
290,210535455,17942142458770248,Whereâ€™s his gift FOR YOU SIMONE ğŸ¤”,"12/28/2023, 11:32:20 AM"
291,4138312759,18034951879660455,Yall gotta stop ğŸ¤£ğŸ¤¦â€â™€ï¸,"12/28/2023, 11:34:40 AM"
292,210535455,18295484059198460,"Ngl I didnâ€™t know about himâ€¦ but after that âœŒğŸ¾he is the catchâœŒğŸ¾ comment, I donâ€™t care about him ON PURPOSE ğŸ¤¨","12/28/2023, 11:34:43 AM"
293,32644725,17894830691947465,Itâ€™s Simone Biles & Simone Bilesâ€™ husband!,"12/28/2023, 11:35:53 AM"
294,4138312759,18004653803336204,@divafranca ğŸ¤£ğŸ¤¦â€â™€ï¸,"12/28/2023, 11:41:29 AM"
295,3144821185,18020530687805269,"Merry Christmas to Simone Biles, 4 time gold winning Olympic gymnast!! and her husband","12/28/2023, 11:54:45 AM"
296,8434020460,17998274570168696,Youâ€™re the catch ğŸ¥‡,"12/28/2023, 12:00:24 PM"
297,298317933,18000127670359178,@theshandelier his name is Mr. Biles ğŸ˜‚,"12/28/2023, 12:02:58 PM"
298,298317933,17909283665867388,@divafranca FACTS!,"12/28/2023, 12:04:58 PM"
299,14747726637,17981007020458079,Beautiful,"12/28/2023, 12:07:32 PM"
300,32283141331,17998345622371164,ğŸ˜ğŸ˜ğŸ˜ğŸ˜ğŸ˜ğŸ˜,"12/24/2023, 4:29:20 AM"
301,7142011668,18205546588302898,@fayebetty3216 disrespectful.,"12/24/2023, 9:53:35 AM"
302,32969955364,17987954972540935,Keep her in check playa. A make sure she says Mrs. Owens for now on,"12/26/2023, 8:39:57 PM"
303,1418932249,18022933105761298,Bless ğŸ¥°,"12/28/2023, 7:01:40 PM"
304,430000388,17904017375913580,@gooch_the_great ğŸ˜‚ğŸ˜‚ thatâ€™s funny maybe when he gets some medals,"12/29/2023, 9:06:26 PM"
305,8716064806,17870040366006082,Gorgeousâ¤ğŸ‘ğŸ¾,"11/3/2023, 10:53:20 PM"
306,5521002461,17873459846993651,ğŸ˜ğŸ˜ğŸ˜ğŸ˜,"11/4/2023, 10:07:16 PM"
307,3401959397,18397546315063449,So cuteâ€¦.â€just hangin outâ€..,"11/23/2023, 5:10:01 PM"
308,3401959397,18049616428518483,Best picture ever!!â¤ï¸,"11/23/2023, 5:10:49 PM"
309,5643711019,18299771782131650,Did she get married..still little girl to me,"12/1/2023, 5:22:34 PM"
310,403509314,17849891319084951,â¤ï¸â¤ï¸â¤ï¸â¤ï¸â¤ï¸,"12/4/2023, 9:21:25 PM"
311,3563818795,17967050447653745,â¤ï¸,"12/4/2023, 11:50:33 PM"
312,3286399244,18019406077903303,@fayebetty3216  sheâ€™s definitely grown lol mid 20s no baby no more!,"12/5/2023, 1:34:41 AM"
313,29862081,17960478680691820,"Its nit just a TV show picture,  its authentic,  which is what I love most about u 2 in 1ğŸ˜ŠğŸ™ğŸ¾ğŸ’œ","12/21/2023, 11:13:39 PM"
314,3605008057,18035311849656192,ğŸ˜ğŸ˜,"12/22/2023, 8:28:41 AM"
315,30141713207,17979344636326470,â¤ï¸ğŸ«¶ğŸ¼â¤ï¸,"10/8/2023, 12:23:22 PM"
316,247192672,17873870255976090,Fico imaginando os filhos vÃ£o ser muito lindos ğŸ˜,"10/8/2023, 8:19:32 PM"
317,8925086498,18073587859414364,ğŸ˜ğŸ˜ğŸ˜ğŸ˜,"10/13/2023, 5:19:09 AM"
318,669408051,17899028294884317,Yall looking good together many blessings to the  both of you!!!ğŸ˜˜ğŸ˜˜ğŸ˜˜,"10/17/2023, 8:43:05 PM"
319,3989186556,18227252317300891,Black Excellence ğŸ”¥ğŸ”¥ğŸ”¥ğŸ”¥,"10/18/2023, 12:15:29 AM"
320,273458057,17868780285006348,Absolutely Priceless ğŸ˜ğŸ˜,"10/27/2023, 2:45:57 AM"
321,30538356592,17937334214751653,Just cuteness â¤ï¸â¤ï¸,"10/30/2023, 5:25:28 AM"
322,4229860238,18207895945254859,ğŸ”¥,"9/16/2023, 8:20:34 PM"
323,6104343992,17984304041214099,ğŸ”¥ğŸ”¥ğŸ”¥ğŸ”¥ğŸ”¥ğŸ”¥,"9/20/2023, 12:46:45 AM"
324,10823293232,18385851859015351,â¤ï¸,"10/2/2023, 1:32:15 PM"
325,6114885819,17997656366493470,Such a beautiful couple puts a smile on my face!!!â¤ï¸,"10/3/2023, 7:07:36 PM"
326,1512643356,18039944098544051,ğŸ”¥â¤ï¸,"10/6/2023, 5:04:21 AM"
327,216050800,17970982037464249,"Bro, your children will be so beautiful ğŸ¥¹ğŸ¥¹ğŸ¥¹","10/7/2023, 4:00:06 PM"
328,796286475,17976518243572839,"What a happy couple, love this!","10/8/2023, 11:14:44 AM"
329,301095978,17919473450786311,Perfect for each other â€¼ï¸,"8/28/2023, 10:49:03 AM"
330,1177063808,17985326354359081,â¤ï¸,"8/28/2023, 9:15:24 PM"
331,2903217615,18022643941654372,Belloooos â™¥ï¸,"9/1/2023, 4:20:42 AM"
332,5830628840,18000030740305129,A perfect couple!,"9/3/2023, 9:48:13 PM"
333,51021062163,18004188322843498,Gorgeous couple,"9/4/2023, 12:18:14 AM"
334,6273251999,18012543241869745,Such a beautiful  couple.  God bless this marriage.  Cover them in your  blood.  In Jesus name amen,"9/4/2023, 1:05:46 PM"
335,48539071274,18286541380112669,So cute !!!!!,"6/16/2023, 4:31:21 PM"
336,48539071274,17980687028506940,@thefliphubb the kids would be beautiful,"6/16/2023, 4:32:30 PM"
337,53618333384,17893787774826000,ğŸ’–,"6/17/2023, 3:44:22 PM"
338,3294648456,17983689296497636,ğŸ˜,"6/22/2023, 12:44:46 AM"
339,416636984,17863712798933050,ğŸ¥°ğŸ¥°ğŸ¥°ğŸ¥°ğŸ¥°ğŸ¥°,"7/14/2023, 11:48:59 AM"
340,50232033132,17903525939749074,The best â¤ï¸â™¥ï¸ğŸ”¥,"7/25/2023, 1:33:26 PM"
341,186649137,18025853461593334,Mannnn... you bet not mess over dis girl. Bcuz Y'ALL love is BEAUTIFUL ğŸ˜,"8/6/2023, 2:15:27 PM"
342,2051331203,17887080071828150,perfection â£â£,"8/9/2023, 12:30:47 AM"
343,49317095,18048736522439125,â¤ï¸ğŸ™Œ you two are magicalğŸ™Œâ¤ï¸,"5/18/2023, 8:29:39 AM"
344,898883078,18035684110488729,LindosğŸ˜ğŸ˜,"5/20/2023, 10:33:13 AM"
345,7732169644,17956949678388218,Lindooooos ğŸ‘ğŸ‘ğŸ‘ğŸ‘ğŸ‘ğŸ‘â¤ï¸ğŸ”¥ğŸ™Œ,"5/20/2023, 3:40:01 PM"
346,186499464,17880257561859843,Congratulations â¤ï¸ğŸ”¥,"5/21/2023, 9:13:24 PM"
347,32768722,18021895567556414,ğŸ˜â¤ï¸ğŸ˜,"5/22/2023, 2:57:47 AM"
348,1131716035,17993145052945496,Yâ€™all so cute ğŸ¥° together â¤ï¸,"5/29/2023, 12:30:34 PM"
349,1493124088,17994153379939777,ğŸ”¥â¤ï¸ğŸ”¥,"5/29/2023, 10:06:24 PM"
350,176691722,17847959504990473,So happy for the two of you,"5/30/2023, 10:30:19 PM"
351,8723592119,18018249016549861,ğŸ”¥ğŸ˜,"6/12/2023, 5:36:04 PM"
352,1913733544,18271674922122530,Godâ€™s blessings on your life today and always! Beautiful couple,"6/16/2023, 12:41:01 AM"
353,1437989870,17870373368908769,"The Owenses, are a beautiful couple â¤ï¸â¤ï¸ğŸ™ŒğŸ™ŒğŸ™ŒğŸ”¥ğŸ”¥ğŸ”¥ğŸ‘ğŸ‘","5/8/2023, 3:55:38 PM"
354,899512942,17975761931481928,Congrats and much love to you twoâ¤ï¸â¤ï¸,"5/8/2023, 6:50:52 PM"
355,2024562872,17993064016903662,This is loveâ¤ï¸ I pray God  covers this love and you are led by GodğŸ™ğŸ™I pray for many years of joy and happiness,"5/8/2023, 7:13:08 PM"
356,184676886,17862098990933571,â¤ï¸ğŸ˜ğŸ™ŒğŸ‘,"5/8/2023, 8:58:29 PM"
357,14540662,17900654891714367,Cutest ever! Congratulations ğŸŠğŸ‰ğŸˆ,"5/8/2023, 11:41:21 PM"
358,5393395801,17885994806834351,You guys are adorable â¤ï¸â¤ï¸â¤ï¸,"5/9/2023, 12:28:53 AM"
359,184609636,18010742299567180,I love these 2 â¤ï¸â¤ï¸â¤ï¸,"5/10/2023, 12:13:31 AM"
360,241156020,17970966785344255,Absolutely Beautiful Couple. I'm so happy for themâ¤ï¸ğŸ‘ğŸ¾,"5/10/2023, 9:52:37 AM"
361,6094478703,18016925800576086,ğŸ”¥ğŸ”¥ğŸ”¥,"5/10/2023, 9:53:21 AM"
362,1350492246,18000267436698379,ğŸ¤,"5/11/2023, 2:53:58 AM"
363,237412753,17844809711989257,I just love you two. You have a beautiful love story. Beautiful wedding pictures. Such a lovely couple. Wishing you both nothing but the best. ğŸ™ğŸ¼ğŸ™ğŸ¼ğŸ’•,"5/12/2023, 1:12:28 AM"
364,24478958,18025443502477279,Beautiful,"5/12/2023, 11:43:16 PM"
365,231954684,18046887802435140,I love ya â¤ï¸,"5/14/2023, 4:42:49 AM"
366,48210098856,17955729539543864,Congratulations your wedding was amazing,"5/14/2023, 9:28:26 AM"
367,354180346,18191211889254070,"Her eye shape, and his dimples!! If they have kids..sheesh!!! ğŸ”¥ğŸ‘ they seem like such genuine people too ğŸ˜","5/14/2023, 11:09:46 PM"
368,1545779733,17956234559392224,Congratulations,"5/15/2023, 9:21:28 PM"
369,1463825506,17978892455179955,You 2 are just sooo cute!! There is no denying the love between you both! I wish you both nothing but love and happiness!!,"5/16/2023, 12:10:05 PM"
370,5680836454,18186100699255795,Such a beautiful coupleâ¤ï¸,"4/25/2023, 5:53:15 PM"
371,33697591,17945486594621014,Congratulations ğŸ‰ğŸŠ,"4/25/2023, 7:41:06 PM"
372,9197342142,18184979179262097,Congratulations,"4/26/2023, 6:33:09 AM"
373,2537602850,18292766410096258,Awwwwwww,"4/26/2023, 6:40:19 AM"
374,50869376,17986381154051737,â¤ï¸â¤ï¸â¤ï¸,"4/26/2023, 7:10:33 AM"
375,3202237988,17999971078753656,I love you so much and these jeans! What brand?,"4/28/2023, 6:02:12 PM"
376,49972546068,18003924352670519,"ğŸ™ŒğŸ½Congratulations Mr & Mrs Owens. I am very grateful for your union before God! Both of you deserve every blessing God has for you! 

Now I need to say something that desperately needs to be addressed. I heard about this beautiful union that you made before God; but Iâ€™m sorry to say it wasnâ€™t very nice things that women (correction so called women) were saying. Some of you were more focused on Simoneâ€™s hair (which looked very good to me and Iâ€™m pretty sure to her husband also) But rather than seeing HAPPINESS in her eyes that is truly displays when she looks into his eyes. LORD, please help us women uplift each other. Because we are way to focused on criticism instead of encouragement. Youâ€™ll can criticize Simoneâ€™s hairstyle all you want but you should be looking at the LOVE that is displayed in every photograph that was taken. For me personally I donâ€™t see anything wrong with her hair. I am more focused on how happy she is every time she looks into her husbandâ€™s eyes, thatâ€™s what REAL women want for their daughters. 
I would give ANYTHING to see my daughter dote over her FOREVER partner like this. But I will NEVER have that opportunity because sheâ€™s incarcerated and probably will be for the rest of her life.ğŸ™ğŸ½ğŸ™ğŸ½ğŸ™ğŸ½

You see my daughter did the unthinkable, she killed her only child, my handsome 6 year son grandson. (her only child) You see my only daughter Daâ€™Neicha, suffered with low self-esteem, depression and high anxiety, she was ridiculed, teased, harassed and tormented repeatedly in Cleveland, Ohio over & over again because of her hair, clothes or whatever the joke of the day was. Afterwards there were so many comments on Social Media. Women we need to start encouraging one another instead of discouraging each other. I mean really there should have been NO negativity on Social Media concerning this beautiful union anywhere. Congratulations again King & Queen.ğŸ™ğŸ½ğŸ’™ğŸ’œğŸ¤¦ğŸ½â€â™€ï¸","4/28/2023, 8:41:42 PM"
377,179389112,17911563254666129,@gigiiiaaaa @bergleee they remind me of you two ğŸ’› beautiful couples,"5/3/2023, 2:42:52 AM"
378,177879936,17954103749430604,Congratulations!!!,"5/3/2023, 7:12:50 PM"
379,1559451855,17986487917888198,Congrats! Beautiful CoupleğŸ™ğŸ½â¤ï¸âœ¨ï¸,"5/4/2023, 10:27:14 AM"
380,309438251,17893871114747067,â¤ï¸,"5/4/2023, 6:48:53 PM"
381,6693547304,17895714299729068,Iâ€™m so happy for u omg,"4/23/2023, 12:35:39 AM"
382,372118306,18186502975248604,Cuties ğŸ«¶,"4/23/2023, 4:50:08 AM"
383,53086768865,18024648568512722,Iâ€™m waiting for you to have a baby.,"4/23/2023, 9:07:23 AM"
384,2912013052,18082388497342329,So beautiful ğŸ’•ğŸ’•,"4/23/2023, 11:13:02 AM"
385,3960801784,18078141358358543,The future Owners ğŸ™Œ. Congrats to you both ğŸ‘ ğŸ™Œ ğŸ˜€! This is so cool! Everything looks like a big fun cloud! ğŸ˜,"4/23/2023, 1:32:37 PM"
386,3960801784,18005571802648336,Congrats to the happy couple! ğŸ™Œâ¤ï¸,"4/23/2023, 1:33:13 PM"
387,1903431686,17991061597910874,You guys are so cute together.,"4/23/2023, 2:10:42 PM"
388,49016922673,18012955015605730,Simone Biles will you come to Illinois and see calen Keller I will tell you her address if you say yes. she loves you a lot she idols you she's a gymnast and she's litterly  the best.,"4/23/2023, 2:45:40 PM"
389,49016922673,17990077297932772,And you too are so good togtger,"4/23/2023, 2:45:59 PM"
390,1246201305,17985721757054534,"Beautiful Couple, Congratulations to them Mr. & Mrs. Owens â¤ï¸","4/23/2023, 4:34:47 PM"
391,7745905356,17998328662763313,Cutest coupleğŸ’•,"4/23/2023, 4:55:01 PM"
392,190728382,18205941073244037,Cute couple. Black love â¤ï¸,"4/23/2023, 5:41:56 PM"
393,5601996974,17934507254551623,Beautiful blk love it ğŸ¥° ğŸ˜ğŸ˜ğŸ˜ğŸ˜,"4/23/2023, 7:07:41 PM"
394,334646111,17961449024296709,ğŸ˜ğŸ˜ğŸ˜ğŸ˜ğŸ˜ğŸ˜,"4/23/2023, 9:51:15 PM"
395,23232585028,18282896536143021,He loves him some her!â¤ï¸â¤ï¸ğŸ‰ğŸ’–ğŸ’¯,"4/24/2023, 1:26:16 PM"
396,609530117,18018131068504296,Beautiful ğŸ˜ photo ğŸ”¥â¤ï¸,"4/24/2023, 2:18:07 PM"
397,23355056294,17858287430942772,@thefliphubb or how attractive they will be!,"4/25/2023, 12:10:36 AM"
398,1669231317,17911137176729977,â¤ï¸â¤ï¸,"4/11/2023, 2:08:47 AM"
399,2263632128,18244513288091394,Gonna be so weird to call you Simone Owens from now on ğŸ˜¢ but I love it so glad youâ€™re happy â¤ï¸â¤ï¸â¤ï¸,"4/14/2023, 9:47:17 PM"
400,1553698148,18010921019508022,He crying so she clearly is the prize,"12/26/2023, 10:06:25 PM"
401,35161965405,18005728715262154,mr and mrs. simon biles!!!,"12/27/2023, 10:38:16 AM"
402,45543567616,18092527537385265,@_angelinadmoran ğŸ˜‚ğŸ˜‚ğŸ˜‚ğŸ˜‚,"12/27/2023, 8:49:08 PM"
403,19457200880,18031058191741983,@abigail_david_holistic_health and your response is to leave it on her wedding photos? ğŸš®,"12/28/2023, 1:25:58 AM"
404,29929218,18016069598006146,You deserve to be happy. You have worked hard. Enjoy l. I hope we are all wrong about him.i really hope we are wrong.,"12/28/2023, 12:33:51 PM"
405,468145423,18303753565123216,@abigail_david_holistic_health who gives a damn,"12/31/2023, 9:43:27 AM"
406,4997697973,18013387229101707,@jayyai2 and I didn't ask for yours.... so I guess we even ğŸ˜‚ğŸ˜‚ğŸ˜‚ğŸ˜‚ğŸ˜‚ğŸ˜‚ğŸ˜‚,"1/1/2024, 1:04:22 PM"
407,5902377940,18297531256178096,@abigail_david_holistic_health enjoy your misery darling,"1/1/2024, 1:09:41 PM"
408,3921741004,17867503331998080,Y'all are beautiful ğŸ˜,"12/24/2023, 7:34:15 AM"
409,3445979735,18030862873696219,Girl noğŸ˜­ğŸ˜­ğŸ˜­ğŸ˜­ğŸ˜­ğŸ˜­,"12/24/2023, 8:44:52 AM"
410,34232245459,18093443662386967,Leave him,"12/26/2023, 1:02:45 PM"
411,5902377940,18053499091523230,"@abigail_david_holistic_health well they didnâ€™t ask for your opinion, soâ€¦","12/23/2023, 12:34:31 PM"
412,486790571,17936070929681835,@jayyai2 right,"12/23/2023, 10:19:31 PM"
413,32283141331,17908333301871185,Congratulations to the both of youâ¤ï¸â¤ï¸â¤ï¸â¤ï¸â¤ï¸,"12/24/2023, 4:26:35 AM"
414,51441407,18039793546609846,ğŸ«¶ğŸ¼ğŸ«¶ğŸ¼ğŸ«¶ğŸ¼ğŸ«¶ğŸ¼ğŸ«¶ğŸ¼ omg so happy for u,"12/3/2023, 11:35:42 PM"
415,346546342,18019354585796304,â¤ï¸â¤ï¸â¤ï¸â¤ï¸ğŸ‘ğŸ‘,"12/12/2023, 7:04:52 PM"
416,346546342,18402188914056492,â¤ï¸â¤ï¸â¤ï¸â¤ï¸â¤ï¸ğŸ‡®ğŸ‡±ğŸ‡®ğŸ‡±,"12/12/2023, 7:05:05 PM"
417,201465291,18022394533880174,@kenya PRICELESS not to mention how super fine he is â¤ï¸ğŸ™ğŸ¾âœ¨ğŸ‰ğŸ‰ğŸ‰,"12/15/2023, 11:16:31 PM"
418,25008899980,18249119230230261,Yall jumped the broom ğŸ‘ğŸ‘ğŸ‘â¤ï¸,"12/22/2023, 1:24:14 AM"
419,222265729,18067483672459390,Beautiful couple ğŸ˜,"12/22/2023, 10:54:11 AM"
420,4997697973,17984873924354343,I LOVED this until I saw this man's interview....noway,"12/22/2023, 11:27:19 AM"
421,3194757017,18030643843742489,Haters keep hating,"12/22/2023, 2:43:30 PM"
422,183905518,17991197837460440,The look on his face is just ğŸ˜ğŸ˜,"10/31/2023, 6:14:47 AM"
423,1264994652,18030993040650478,Aweâ€¦ he loves her so muchâ¤ï¸,"11/3/2023, 10:18:29 PM"
424,473912116,18031303567648212,Maddison says congratulations ğŸ˜ğŸ˜˜ğŸ¥°ğŸ’ğŸ’–ğŸ’•,"11/10/2023, 3:17:47 PM"
425,204067943,18002466908217067,The lğŸ‘€k of LOVE!! â¤ï¸,"12/2/2023, 11:55:46 AM"
426,45049428570,17964224675640276,Congratulations!ğŸ¤—,"10/10/2023, 7:11:54 AM"
427,3957807359,18294511357135302,ğŸŒ¹ğŸŒ¹,"10/11/2023, 8:23:25 AM"
428,815659406,18103550086349472,WOW! CONGRATS SIMONE & MR. SIMONE!,"10/12/2023, 9:57:42 PM"
429,309555428,17984110448275861,Conto de fadas real,"10/13/2023, 10:05:16 PM"
430,2311341370,17975332913391183,@roundtreeheather,"10/20/2023, 12:05:55 AM"
431,3968483514,18317980111100635,Congrats! ğŸ˜ğŸ™‹ğŸ»â€â™€ï¸â¤ï¸ğŸ’•,"10/21/2023, 7:32:59 AM"
432,184714527,17881874963955456,His face ğŸ˜¢he was so shock you looked beautiful,"10/22/2023, 1:05:50 AM"
433,3218851928,18012326695971108,Beautiful! Congrats to you both.,"10/22/2023, 6:05:02 AM"
434,61947567324,18023204569661899,You look stunning â¤ï¸â¤ï¸â¤ï¸,"9/15/2023, 1:09:16 AM"
435,4229860238,17894305472870756,ğŸ”¥,"9/16/2023, 8:19:44 PM"
436,48850500498,17860282455010817,Congratulations ğŸ‰ğŸ¾ğŸˆğŸŠ,"9/17/2023, 12:34:29 PM"
437,6104343992,17954405273658166,â¤ï¸â¤ï¸â¤ï¸â¤ï¸,"9/20/2023, 12:45:50 AM"
438,175582541,18018424558773273,@kenya look at her face.,"9/22/2023, 10:14:21 PM"
439,16802918153,17961323318641590,Absolutely stunning! Congratulations!!,"10/1/2023, 11:25:10 PM"
440,5874601116,17929578029769299,Sheer perfectionâ£ï¸ Iâ€™m so happy for you both. ğŸ™ğŸ»ğŸ¥°ğŸ’•,"10/2/2023, 1:16:58 AM"
441,45940898515,17948782883686998,Most perfect bride.!â¤ï¸ğŸ¥¹,"10/6/2023, 11:47:32 AM"
442,668067916,18036888988572550,Congratulationsâ¤ï¸â¤ï¸,"10/6/2023, 12:30:55 PM"
443,719699257,17994708623470642,ğŸ˜ğŸ˜ğŸ˜,"10/7/2023, 10:19:19 AM"
444,12592627,17998343444017831,â¤ï¸â¤ï¸â¤ï¸ğŸ‘ğŸ‘ğŸ‘,"10/8/2023, 10:53:27 PM"
445,12592627,17874924587975243,10/10,"10/8/2023, 10:53:35 PM"
446,143898540,18048555511442482,Congratulations ğŸ¾,"8/27/2023, 8:25:33 PM"
447,35406814827,17954693807649869,ğŸ”¥ğŸ”¥ğŸ”¥â¤ï¸,"9/1/2023, 7:35:13 PM"
448,31490538438,18031999261569443,PERFECTION!!!!!!! OUTSTANDING COUPLE OF THE CENTURY!!!!,"9/2/2023, 12:50:09 PM"
449,1588891614,18015676831811217,ğŸ«¶ğŸ»,"9/3/2023, 4:55:54 PM"
450,1588891614,17968052051444428,âœ¨âœ¨,"9/3/2023, 4:55:56 PM"
451,1588891614,17997611630111213,ğŸ¤ğŸ¤,"9/3/2023, 4:55:57 PM"
452,46967438038,17995902986094156,Congratulations,"8/5/2023, 1:50:51 AM"
453,1439287708,17997060716022049,Congratulations ğŸ¾ğŸ‰ğŸˆğŸŠ,"8/6/2023, 3:21:39 AM"
454,1549500153,18010383511837433,"I absolutely love your dress. You look beautiful, Congratulations to you both!","8/6/2023, 5:19:05 PM"
455,19010417538,17913262751794539,Gorgeous ! ğŸ©µ,"8/6/2023, 5:46:24 PM"
456,1463784347,18070488046397598,Congratulations ğŸˆğŸŠğŸ‰ğŸ¾ğŸ¤âœ¨ @simonebiles and hubby !!,"8/6/2023, 10:50:18 PM"
457,3858470013,18241793788207063,No smiles in first pic,"8/7/2023, 6:16:27 AM"
458,53687824657,18033243007530875,Very beautiful,"8/7/2023, 7:58:28 PM"
459,53687824657,18037230805509029,Congratulations ğŸ‰ğŸ‘ğŸ‰ğŸ‘ğŸ‰ğŸ‘,"8/7/2023, 7:58:38 PM"
460,46731678056,18001223131963331,Congratulations and God bless you both.,"8/7/2023, 8:43:37 PM"
461,3015864000,17943384329689535,â¤ï¸â¤ï¸,"8/8/2023, 6:55:56 AM"
462,2108256582,17997858827044466,Youthful elegance. Impeccable style. His face looking down the aisle at herğŸ”¥ğŸ’—,"8/14/2023, 6:49:45 AM"
463,9164639744,18021025606629730,Beauty ğŸ˜,"8/15/2023, 12:34:08 PM"
464,2337931774,17977374344150835,Beautiful photograph,"6/28/2023, 7:11:08 PM"
465,878320341,18016778608618689,Congrats you two ğŸ˜ğŸ¥¹,"6/28/2023, 7:50:59 PM"
466,45014410,17988593008972479,â¤ï¸â¤ï¸â¤ï¸â¤ï¸â¤ï¸,"6/29/2023, 5:50:24 PM"
467,197907904,17874129194919820,Congratulations ğŸ¾,"6/30/2023, 12:31:32 PM"
468,210124841,18194844508256271,Maravilhosos â¤ï¸ğŸ‡§ğŸ‡·,"6/30/2023, 8:45:54 PM"
469,451184466,18048803860423165,U need to update your name,"7/15/2023, 2:34:05 AM"
470,8060724085,17991783278301540,Que lindos ğŸ˜â¤ï¸ğŸ‘,"7/16/2023, 11:09:57 PM"
471,489761642,18068010757402190,Lindoooooooooooooooooooooooooooooooooooos demaaaaaaaaaaaais!,"7/20/2023, 1:41:29 PM"
472,2152883005,18053025073443891,Congratulations hun ğŸ”¥ğŸ”¥ğŸ™Œ,"7/21/2023, 10:54:12 PM"
473,7880372848,18026271094572742,"I hope you invited those girls who said ""he's not as into her as shes into him ""","7/26/2023, 1:26:09 AM"
474,10358784,17971434068524794,ğŸ’“ğŸ’“ğŸ’“,"7/30/2023, 11:21:11 AM"
475,264398159,18049623610431613,Congratulations,"5/30/2023, 2:43:23 AM"
476,58427036327,17989683797009629,Wow!! Cute ğŸ’—ğŸ‘‘ğŸ’ªğŸ‘”ğŸ‘ğŸ‘ğŸ’ªğŸ‘ ğŸ‘ ğŸ’ğŸ’ğŸ‘‘ğŸŒŒğŸŒŒğŸŒŒğŸŒŒğŸ’—ğŸ‘ŒğŸ˜€ğŸ˜‰ beautiful ğŸ’—ğŸ²ğŸ²ğŸ”ƒ@simonebiles,"5/30/2023, 7:55:00 PM"
477,38753631815,17993930629838153,That girl on the far left looks unhappy ğŸ«¢,"6/6/2023, 9:10:15 PM"
478,16080829962,17864378984947781,OMG Yâ€™ALL LOOK SO GORGEOUS I CANâ€™T ğŸ˜­ğŸ˜­ğŸ˜­ğŸ˜­,"6/11/2023, 4:34:33 AM"
479,4550807399,17991505954879618,Congratulations You Two Beautiful GemsğŸ˜ğŸ˜ğŸ˜ğŸ˜ May GOD Keep Nurturing & Protecting You ğŸ‘‘ğŸŒ¿ğŸ’“,"6/14/2023, 6:53:30 PM"
480,53380636,18368658049048124,"As a former gymnast and current wedding photographer, I am salivating over your wedding photos! Blessings to you and your groom! Congratulations!","6/14/2023, 7:13:16 PM"
481,1913733544,17938969706566737,Congratulations ğŸˆ beautiful lady - Godâ€™s abundant blessings on your  marriage,"6/16/2023, 12:36:57 AM"
482,48539071274,18191805121270694,Stunning â¤ï¸â¤ï¸â¤ï¸â¤ï¸â¤ï¸,"6/16/2023, 4:30:29 PM"
483,5837840562,17870907485865412,So happy to both of you. Congratulations,"5/25/2023, 9:37:43 PM"
484,16775766,18035735179488285,Congratulations ğŸ”¥ğŸ”¥ğŸ”¥,"5/27/2023, 2:39:45 AM"
485,257329281,17957754650570164,@sharon.hodo The very ones!!!,"5/27/2023, 9:11:53 PM"
486,257329281,17873378552910370,"@tdwebber_30 I want them to enjoy married life alone as a couple for two years. Then have some beautiful, healthy babies! God bless this union! ğŸ™ğŸ¾ğŸ™ğŸ¾ğŸ™ğŸ¾","5/27/2023, 9:14:13 PM"
487,1968999973,18039946234467977,â¤ï¸â¤ï¸ğŸ™ŒğŸ¾,"5/27/2023, 10:56:51 PM"
488,1118080962,18018058375580069,I get it you two are the cutest couple in forever. so much emotion to see a man cry is truly something it makes a big difference when u are Infront of everyone getting married. I know because I've done it. blessings forever!,"5/28/2023, 2:47:33 PM"
489,1118080962,18221677237227804,ğŸ˜®ğŸ˜®ğŸ˜®ğŸ˜®ğŸ˜®ğŸ˜®ğŸ˜®ğŸ˜®ğŸ˜®,"5/28/2023, 2:48:55 PM"
490,1605764172,18006283612735119,Absolutely beautiful! Congratulations! â¤ï¸,"5/20/2023, 12:30:21 AM"
491,36197742,17960479355527463,Congratulations ğŸ¾ğŸŠğŸ‰,"5/20/2023, 11:00:47 AM"
492,1614135204,18003220360668037,Slide 5?? ğŸ˜ğŸ˜ He luuuuuh that woman â¤ï¸â¤ï¸,"5/20/2023, 3:00:03 PM"
493,478618020,17989421638889008,Simply ğŸ”¥ğŸ”¥ğŸ”¥ğŸ”¥GorgeousğŸ”¥ğŸ”¥ğŸ”¥ğŸ”¥,"5/21/2023, 12:14:03 AM"
494,602121909,17990643796986327,I love that you to jump the ğŸ§¹ â¤ï¸ğŸ–¤â™¥ï¸ğŸ’,"5/16/2023, 11:47:12 PM"
495,53548931783,18075407698365794,Congratulations!!! ğŸ‘ğŸ‘,"5/17/2023, 4:13:31 PM"
496,385010501,18005569363736705,Congratulations â¤ï¸,"5/17/2023, 8:48:28 PM"
497,2319643309,18017298865601187,ğŸ”¥ğŸ”¥ğŸ”¥ğŸ”¥ğŸ”¥ğŸ”¥ğŸ”¥ğŸ”¥ğŸ”¥ğŸ”¥ğŸ”¥ğŸ”¥ğŸ”¥ğŸ”¥ğŸ”¥,"5/18/2023, 12:36:27 AM"
498,1806676788,18141740161291535,ğŸ˜ğŸ˜ğŸ˜ğŸ˜ğŸ˜ğŸ˜ğŸ˜,"5/18/2023, 11:18:52 AM"
499,2113913081,18271678117131395,Congratulations ğŸŒ¹ğŸ’ğŸŒ¹,"5/15/2023, 1:53:09 PM"
500,1807994201,17843922447135739,"Been supporting y'all from the beginning. Stay strong, stay in love and stay togetherâ¤ï¸","12/29/2023, 10:44:09 PM"
501,3069621592,17949803480732427,"Never forget Simon, you are the shining star. You are courageous, strong, smart and beautiful. Shine onâ­ï¸â­ï¸â­ï¸","12/28/2023, 6:33:44 PM"
502,9949013,18012908212897824,I love this couple so much,"12/27/2023, 7:07:33 PM"
503,9949013,17988263243579746,How you know sheâ€™s letting him believe heâ€™s the leading mean is because her profile says biles instead of Simone Owens.  I love that she lets him be out front but that would be a great start to solidifying it,"12/27/2023, 7:10:47 PM"
504,1230202730,18026417989845443,"@micamorena18  this aint cute no more , Fuck This ğŸ¥·ğŸ½ Free Simone Biles","12/28/2023, 9:01:44 AM"
505,1230202730,18019516531826233,@enlightened59  we found the pick me bare minimum  woman,"12/28/2023, 9:03:00 AM"
506,24330585147,18112510336346678,"@micamorena18 You people really think Simone is going to base what she does with her life on something a bunch of miserable, audacious unknown women who have a hard time navigating their own lives tell her?  Get a grip.  Do you think she welcomes the vitriol you all are spewing at her husband?  If sheâ€™s happy let her be happy regardless.  If she leaves what are you going to do for her?  Besides do you really think gold medals are a substitute for her relationship to her?  Stop pushing your hate injections into peopleâ€™s lives.  You are so not affected by any choices this woman makes about who she wants to be with.  Sheâ€™s happy!  Go find your happiness.  Life is short!  Itâ€™s gone before you know it!","12/28/2023, 9:12:27 AM"
507,525782818,18043996882602730,Simone donâ€™t let these people mess up yall marriage!!!,"12/28/2023, 11:26:01 AM"
508,44819093029,18034743643673553,"SIMONE BILES IS QUEEEN GOAT! WE LOVE YOU SO MUCH, AND WE ALWAYS WANT YOU HAPPY! WE SUPPORT AND HONOR YOU â¤ï¸â¤ï¸","12/28/2023, 1:00:14 PM"
509,9062093163,17958988823702699,Ti prego. Dai voce al popolo palestinese. @eye.on.palestine,"12/27/2023, 12:14:43 PM"
510,1752284026,17999869910138079,@jowens  @simonebiles divorce him pls,"12/27/2023, 12:20:51 PM"
511,11283401,17857195587055601,They jealous support your manğŸ‘ğŸ‘â¤ï¸,"12/27/2023, 12:41:03 PM"
512,34774203,17968227092657560,â¤ï¸â¤ï¸â¤ï¸,"12/27/2023, 4:07:47 PM"
513,40425527,18009208163126791,@ebonirachel go heal,"12/27/2023, 5:44:18 PM"
514,32176592,17992066238279084,"Lmao trying to do damage control when your the woman is just WOWâ€¦ anyways whoâ€™s that guy with world champion, Olympic gold medalist SIMONE BILES?!","12/26/2023, 10:23:43 AM"
515,1344331884,18288354466154832,"May you keep the best & sacred parts between the 2 of you! Wishing you both love, endurance, strength, joy & good health throughout your lives together! ğŸ™ğŸ½âœ¨ï¸ğŸ’“","12/26/2023, 1:36:57 PM"
516,32969955364,18016763285054024,Be sure to discipline her if she gets out of pocket playa.,"12/26/2023, 8:40:53 PM"
517,1553698148,17893159550951840,Oh my goodness her back muscles are beautiful!! Um Iâ€™ll take Simone Biles back muscles for 5 hundred Alex,"12/26/2023, 10:05:52 PM"
518,1287487171,17867916779997626,I hope her second marriage will be to someone who genuinely loves her and is a kind person. He is egotistical. ğŸ¤¢,"12/26/2023, 10:20:14 PM"
519,14114451441,17909644976893472,@jowens Simone Biles is a National treasure and you are a nobody. We donâ€™t care about you.,"12/25/2023, 6:38:36 AM"
520,1374292082,18020783545787182,Do you have a prenup?,"12/25/2023, 8:12:58 PM"
521,199954308,17989920935312863,Congratulations!!!!!,"12/25/2023, 9:52:26 PM"
522,14114451441,18016192453868341,Heâ€™s got first husband energy.,"12/26/2023, 12:18:59 AM"
523,14114451441,18248512891229048,@jowens you donâ€™t deserve her. You are no catch.,"12/26/2023, 12:21:47 AM"
524,7479608107,17895086786941697,Simone raise your eyebrows and blink twice if you want someone to come rescue you from that foolâ€¦ğŸ‘€ğŸ˜†,"12/24/2023, 8:31:55 PM"
525,2271184581,18030619279776679,@peter_reflections ğŸ˜‚ followers dont translate to wealth or influence all the time. Yall measuring the wrong metrics,"12/24/2023, 2:26:10 AM"
526,585194563,18293746495145913,@gabrielladupont didn't do nothing wrong,"12/24/2023, 3:18:25 AM"
527,32283141331,18053118667523580,"ğŸ«¶ğŸ¼Congratulationâ¤ï¸â¤ï¸ young black, beautiful coupleâ¤ï¸ğŸ‰","12/24/2023, 4:28:44 AM"
528,1183928505,17871846488981646,No maam,"12/24/2023, 8:17:39 AM"
529,7142011668,17985311486604336,"Yâ€™all are really hateful and toxic to be posting this stuff on this womanâ€™s wedding post, just say your unhappy and disrespectful on your own insta","12/24/2023, 9:47:44 AM"
530,2219663922,18038548099628274,Continue to Be Blessed+Loved in Jesusâ€™ Holy NameğŸ’ Merry Christ~MassğŸ’â£ï¸,"12/24/2023, 10:01:48 AM"
531,1765898721,17996926094185368,â€œI didnâ€™t know who she wasâ€-her husband..,"12/24/2023, 10:08:27 AM"
532,8364345943,18029141131753244,Blink twice if you need help.,"12/23/2023, 4:54:03 PM"
533,411058795,18003393710258714,divorce him rn babes,"12/23/2023, 6:38:16 PM"
534,486790571,18405188707000919,@gabrielladupont sounds like miserable advice ğŸ˜‚,"12/23/2023, 10:17:55 PM"
535,24330585147,18293756860144713,Ignore the haters.  Misery loves company. â¤ï¸â¤ï¸,"12/23/2023, 10:44:09 PM"
536,218334237,18021300571766515,Congratulations!!!!,"12/23/2023, 9:31:54 AM"
537,218334237,17907176504875461,Facts,"12/23/2023, 9:33:08 AM"
538,5678276282,17992638212404309,"Stunning, classy!!","12/23/2023, 2:50:55 PM"
539,5678276282,18026507014833535,Beautiful dress.,"12/23/2023, 2:51:34 PM"
540,5678276282,18012322501921862,Congratulations!!!,"12/23/2023, 2:52:15 PM"
541,231444333,18009560957143027,"@jowens like wow, if she was white you would have never said that.  Your wife is the most decorated gymnast in the WORLD ğŸŒ. And then there is you not in aw of her accomplishments ğŸ¤®","12/23/2023, 4:03:56 PM"
542,923389028,18031542967703612,Nooooo,"12/22/2023, 10:12:20 AM"
543,208644126,17999290205342605,Yikes,"12/22/2023, 12:46:48 PM"
544,191517421,18016452619843282,"So hate that people are demonizing your husband right now based on a clip. Truth is, he is a catch and so are you.  Iâ€™m glad you both caught each other and I wish you both all the very best in your marriage & careers.  Do you Sis!!!!","12/22/2023, 2:19:20 PM"
545,42482720008,18046186783561475,Simone am sorry but you married a man who will not appreciate you.,"12/22/2023, 7:37:40 PM"
546,2068207696,18011943739921825,She has 7.1 million followers and you have 400k - she is the catch buddy not you,"12/22/2023, 11:30:41 PM"
547,4174668828,17966332631533243,Beautiful,"12/23/2023, 2:34:57 AM"
548,444272740,17951253410709181,He is a winner for sure!,"12/4/2023, 11:58:19 PM"
549,1997125156,17995463477376204,Simone u r Great n happy coupleâ¤ï¸love u both ğŸ˜congratulations ğŸ”¥ğŸ”¥ğŸ”¥,"12/8/2023, 12:40:44 PM"
550,346546342,18027795334772869,â¤ï¸â¤ï¸â¤ï¸â¤ï¸â¤ï¸ğŸ‡®ğŸ‡±ğŸ‡®ğŸ‡±ğŸ‡®ğŸ‡±,"12/12/2023, 7:04:04 PM"
551,346546342,18251652274224094,ğŸ‘ğŸ‘ğŸ‘,"12/12/2023, 7:04:20 PM"
552,511945296,18400961989011517,@runyourmarriage,"12/19/2023, 6:01:07 PM"
553,7557613841,18002654501093229,â¤ï¸Black LoveğŸ’˜ YESSSSSğŸ™ŒğŸ‘ğŸ‘ğŸ‘ğŸ™Œ,"12/19/2023, 9:13:24 PM"
554,7557613841,18248946751229389,@slynn7533 ğŸ‘ğŸ‘,"12/19/2023, 9:13:55 PM"
555,244175197,18074254495423890,Congrats!,"11/4/2023, 11:12:50 PM"
556,44820049099,17978593079605527,,"11/6/2023, 11:04:40 AM"
557,905804200,18287178769181469,"Congrats, God bless you bothâ¤ï¸ ğŸ™ğŸ¾","11/11/2023, 11:14:44 PM"
558,7268367329,18269674543163056,â¤ï¸â¤ï¸â¤ï¸â¤ï¸â¤ï¸â¤ï¸,"11/14/2023, 2:52:21 AM"
559,5619012,18122166052318411,Congratulations!!!,"11/14/2023, 9:45:02 PM"
560,1807866979,18010179899027250,#free_palestine ğŸ‡µğŸ‡¸ #Amerrica_and_Isrrael_are_terrorists They are killing the children of Gaza,"11/16/2023, 6:20:42 PM"
561,5363655840,17939846147648657,"Hi
I read your post about your pups. I canâ€™t imagine what you are going through.

What if you temporarily rehomed one of them. Let one dog stay at the house and have him claim an area in the house or even spots in certain rooms etc.
Then have him leave ( block the areas that he claimed)
Have the other dog come alone claim spots and areas that have not been claimed.
And then bring them both home together 
Once each dog has had the chance to claim their own area independently","11/18/2023, 1:38:45 PM"
562,52632081343,18100357759365543,Congratulations!!!! ğŸ‘ğŸ¾ğŸ‘ğŸ¾,"11/19/2023, 8:20:51 PM"
563,552480280,17986626758309780,Congrats â¤ï¸,"11/21/2023, 1:53:38 PM"
564,1549435285,17976961292354367,Congratulations ! GOD bless your marriage ğŸ™ŒğŸ™âœ¨â¤ï¸,"10/18/2023, 8:50:49 PM"
565,3882016404,18240778714226193,"Y'all are just Too Damn Cute to me â•â—â•â—â•â— the Grown Folk Cuteness, and I Love Love Love y'all's Love Story ğŸ’–ğŸ’–ğŸ’–ğŸ’–","10/19/2023, 1:05:41 PM"
566,23351374846,17904331181854203,"HANG IN THERE POWER COUPLE, KEEP GOD FIRST AND KEEP PRAYING TOGETHER EACH MORNING NO MATTER IN PERSON, FACETIME OR JUST ON THE PHONE, TRUST ME IT WILL KEEP YOU CONNECTED ğŸ¥°ğŸ’¯","10/21/2023, 11:48:40 AM"
567,3159471585,17986078202450874,Congratulations ğŸ‰ğŸˆğŸ¾ğŸŠ,"10/24/2023, 10:59:53 AM"
568,253722216,17887041182938826,ğŸ‘,"10/25/2023, 11:28:22 PM"
569,47253883204,18309953800118211,ğŸ‘ğŸ‘ğŸ‘ğŸ‘â¤ï¸ğŸ‡§ğŸ‡·ğŸ‡§ğŸ‡·ğŸ‡§ğŸ‡·ğŸ‡§ğŸ‡·,"10/30/2023, 8:50:33 PM"
570,2259312328,18107273116336978,Deusa. Brasil in love.,"10/12/2023, 10:04:22 AM"
571,13986408099,17992712417351087,"You may not always believe it... but you are such an inspiration to women & girls all over the world. It's not your gold medals - it's the fact that you are fragile, human, you're not perfect all the time - yet you still get out there & are strong! Xx","10/13/2023, 4:06:06 PM"
572,3469676968,18390412147014142,Congratulations to you both â¤ï¸,"10/15/2023, 6:45:21 PM"
573,3989186556,17991238187342791,"There is something dif about Mrs. O. She has always been ğŸ”¥, but now sheâ€™s ğŸ”¥ğŸ”¥ğŸ”¥ğŸ”¥ğŸ”¥ğŸ”¥ğŸ”¥ğŸ”¥ğŸ”¥ğŸ”¥ğŸ”¥ğŸ”¥ Mr. O must have been exactly what she needed and vice vercaâ¤ï¸â¤ï¸â¤ï¸â¤ï¸â¤ï¸â¤ï¸","10/18/2023, 12:12:51 AM"
574,2869293833,17876339474972760,You guys are the cutest!!! ğŸ‘,"10/18/2023, 4:36:25 PM"
575,622498197,17908958480764806,ğŸ˜˜â¤ï¸â¤ï¸,"10/8/2023, 11:48:58 AM"
576,30141713207,18021940627654005,â¤ï¸â¤ï¸â¤ï¸â¤ï¸ğŸ‘,"10/8/2023, 12:21:32 PM"
577,47977295832,17989749917364291,Congratulations ğŸ”¥ğŸ™Œâ¤ï¸ğŸ‘,"10/8/2023, 12:34:46 PM"
578,4392973652,18011503048794864,"Simone, eu amo e admiro mto vocÃª! A sua humildade e potencialidade me inspira. Seu gesto com a Rebeca ğŸ˜ sou TDAH e sempre quis ser atleta. Infelizmente, meus pais nÃ£o olharam para o meu sonho qdo eu era crianÃ§a. Hoje tenho 40 anos e a vida me levou para outros caminhos. Gostaria muito que meus filhos que tambÃ©m tem TDAH seguissem o mundo dos esportes. Vc Ã© inspiraÃ§Ã£o e parabÃ©ns por toda a sua trajetÃ³ria de vida! Vc Ã© linda, por dentro e por fora â¤ï¸","10/8/2023, 1:32:17 PM"
579,675761222,18073317646411883,ğŸ‘¸ğŸ¿,"10/8/2023, 1:42:57 PM"
580,996924317,18025000765676843,â¤ï¸ğŸ‡§ğŸ‡·,"10/8/2023, 1:47:42 PM"
581,11194688318,17875599443914726,â¤ï¸â¤ï¸â¤ï¸,"10/8/2023, 8:11:34 PM"
582,178411837,18283234363151769,Brazil I love you. thanks! Be as happy as the joy you brought to the world,"10/8/2023, 11:04:53 PM"
583,36265868303,17983009955276583,â¤ï¸,"10/9/2023, 1:14:01 PM"
584,2671358920,17860947825019704,CongratulationsğŸ‘ğŸ‘aqui do Brasil.,"10/6/2023, 9:55:09 PM"
585,7132670566,17989103537357017,Congratulations,"10/6/2023, 10:42:36 PM"
586,6907806913,17998128722279992,ğŸ«¶ğŸ¾,"10/6/2023, 11:45:30 PM"
587,1792221926,18039384640545810,ğŸ‘ğŸ¾ğŸ‘ğŸ¾ğŸ‘ğŸ¾ğŸ†ğŸ…ğŸ™ğŸ¾ğŸ’ªğŸ¾,"10/7/2023, 12:48:43 AM"
588,719699257,18035065075582656,ğŸ˜ğŸ˜ğŸ˜ğŸ˜ğŸ˜,"10/7/2023, 10:19:14 AM"
589,6174683776,17990459321136624,Congratulations again!,"10/7/2023, 10:28:37 AM"
590,227856238,18018953971795751,Lindos â¤ï¸â¤ï¸,"10/7/2023, 11:54:06 AM"
591,4100923495,18005736548000764,Congratulations ğŸ‰ğŸˆğŸŠğŸ¾,"9/27/2023, 6:07:56 PM"
592,1049159003,17935889741734050,ğŸ‘LindosğŸ˜,"9/29/2023, 9:44:27 PM"
593,202552253,18195873352287887,Gorgeous Couple! May you both walk in the fullness of God's blessings as Husband & Wife! ğŸ¥‚ğŸ¾ğŸ¥³ğŸ‘ğŸ¾,"9/30/2023, 1:36:59 PM"
594,2130837052,18010970284779229,Simone you are so amazing. Iâ€™m so proud of you for giving the young girl in Ireland a medal she so richly deserved. Gymnastics Ireland is shameful. The woman snubbing the child is shameful. You taught them a lesson in a very dignified way. The best. The GOAT of gymnastics.. a black woman showed the world how itâ€™s done. Little lady will cherish that medal a whole lot more than the one they were evil enough not to give her. Thank you Simone. We love youâ¤ï¸,"9/30/2023, 9:14:50 PM"
595,175183188,18076625764406024,â¤ï¸,"10/1/2023, 10:26:52 PM"
596,5874601116,17989005713511866,Congratulationsâ£ï¸ğŸ¥°ğŸ˜˜ğŸ’•ğŸ˜,"10/2/2023, 1:16:05 AM"
597,6693270898,17972549219608438,What a beautiful couple and pictures,"10/2/2023, 1:05:15 PM"
598,10823293232,18014731063876427,â¤ï¸,"10/2/2023, 1:33:59 PM"
599,564292597,18232594756243217,Congratulations â¤ï¸â¤ï¸â¤ï¸â¤ï¸,"10/4/2023, 9:51:46 AM"
